x,y,cluster
1.3937305283126817,1.3790147869860627,2
-1.9853677530143137,-1.139794793532608,0
-0.34603016566710204,3.2288373374861687,2
-0.7023700575805752,0.13368636496982936,0
0.6677072249314377,1.841553354857432,2
-2.5194992598336436,-4.797307214514201,1
-1.7273034090795032,2.20186900039837,0
0.5943464465750874,-0.9984104608973405,1
-1.3130768922739244,-0.5980620719536894,0
5.833701825774915,1.6955192361444806,2
2.169116841379741,2.1939812703993464,2
1.328620333065744,1.168920059674565,2
2.737558325988934,-0.1897429397594187,2
-3.1985660866882624,-2.3045998519382924,0
1.8829934416620866,-0.6891265400120123,1
2.6075761985496584,-1.8187431796950544,1
-3.075814851651925,1.9941834710694755,0
3.0875877649988466,-1.0001122515281289,1
0.5952640103770562,-1.0142076169535328,1
4.10651045366287,-1.1944079695568584,1
-6.8117832277377355,1.303842187931429,0
-0.8902434572526292,2.297632471333963,0
-0.8766805892968149,2.319492715760248,0
-2.3494951084457587,4.0765517130864675,0
-1.389600838310449,2.9892263585540677,0
-2.196361960588417,1.4528164773797003,0
-3.102410051786031,-1.4333632298133636,0
-1.231571707620056,-2.3073882901346456,1
0.6313561289873757,2.121850172974346,2
0.038082475742942504,1.6641777844253418,2
1.39883581837757,0.11724831476456012,2
-1.906561143522837,1.3421765875797336,0
0.022302775735170487,-3.4167961773680164,1
-1.2043627851564613,1.5759685331549287,0
2.7322893235580397,-1.3811521926708152,1
1.3092552645538642,-0.02399224329218497,2
2.7385024526816126,-0.25018349162544723,2
-3.2349457733997307,-0.8688004326104095,0
-3.1160872537299755,-2.8621859012962187,0
2.114740596480471,-0.7278502847679421,1
-0.591979673351172,-0.117997504474144,0
-0.13085231805151715,0.7006661485922994,0
-3.3619182248916006,0.33540190530432007,0
-0.18178504683135316,3.8472327907928645,2
-4.118402852110929,-2.8981659668995627,0
-2.5201103806407774,-4.137067969253227,1
1.3353842759022732,-4.222186197699073,1
-0.6964453774004848,0.18938809570135237,0
-1.8281084579542954,-0.43534413714362824,0
1.438181480944395,0.5389514123809721,2
7.070077193219245,-2.357356626145042,1
-0.7425375978875668,3.914796707556885,2
2.808606532842386,1.323079718133085,2
1.7939710864074783,-3.662458852530546,1
-1.3734109138176793,-0.3056181562045142,0
4.178520183547394,3.3729963192436245,2
0.5246389583022152,0.4467107391307907,2
0.43215198274373107,-1.137827009724325,1
-1.087504642703862,-3.136907302423968,1
-2.2339280086436517,1.993136222314197,0
-0.5200599493369924,-0.25227753900586847,0
1.0964015473332158,-3.8078194098791123,1
1.026170805944288,-1.5723116815465326,1
1.2904246419394703,2.333055491727525,2
-2.144556809684317,-0.25563622590065044,0
-0.30196614312846015,0.2116091336362366,0
6.623139442623324,-2.448772700970929,1
-0.6723245219647855,-0.4542092572464366,0
1.0559008228611126,-1.7998517476899203,1
3.912024833375915,-1.4693140887674772,1
3.8718805500921314,-0.8309441462409671,1
-0.9685655259444718,1.063646301161088,0
1.2158144680780123,2.172741628801785,2
-4.317497280855389,2.253427547157455,0
-3.9486054792093905,-0.07346664895811,0
-0.815549476908743,-3.370740373606437,1
-1.9199401548145112,-3.0076104480407078,1
-1.4081491162868214,-2.340154420503109,1
1.2688759859752488,-0.24455164645855543,1
2.5294674057231186,-0.06832344572446541,2
0.5831712787384259,2.5068622346576683,2
-1.3432710014677534,4.66982847027812,0
-2.20719940054172,0.8896533614554649,0
1.3685179098556188,0.13779704089228284,2
-2.3545160920124055,3.615253740170929,0
4.7682990877748574,-4.271229094267865,1
-0.507998682732191,-1.0755729595336896,1
1.4605185176620308,-4.102420377570646,1
0.7186734389011821,-0.8836909380670518,1
0.11480209885525214,-2.9303868452480737,1
-1.8675948813760668,-3.1417917350673803,1
4.091202439397121,3.585599177490119,2
1.9231482526658752,4.1793389525973215,2
-0.27916929008455993,2.4516543999289415,2
-0.030208980544599837,0.3266315788146818,0
1.9523749994558655,2.512997200303558,2
2.01591685020495,0.35675862933061786,2
1.2760931705055079,2.5693762012204333,2
1.4550959778525094,1.2167868976139877,2
-0.36200678222014726,-5.204808386895162,1
-2.8327027840583687,-1.5567248526489081,0
-2.3456410548864763,-1.7042587064744141,0
-4.492865966125744,1.3008190670176023,0
-0.6615883627780467,-3.479932393557867,1
-1.0678803129487147,0.7879841246371172,0
1.049213119008339,2.304903059602284,2
-1.3790026695334021,-3.0611559823766847,1
-5.531886279526953,-1.661639940775558,0
-1.7475648332314069,0.31301083035691973,0
-1.9920847911067119,1.3643069512311694,0
-0.4674959310352766,-4.229053038456104,1
-4.5410803851511305,1.2205736937693528,0
-4.444638895183399,-1.01509365387057,0
2.98463077850864,3.274173589733808,2
-3.073161462160668,-0.831064749680834,0
2.663264814809622,0.9037645351112791,2
0.034108723733692205,1.2712563515585829,2
0.2008934897706072,-1.3236441468349862,1
1.0075821867575696,-2.9222462608972717,1
-4.0597060970037315,3.950371023396465,0
-0.75610153369563,-4.34312108168079,1
-0.03358126504186483,1.299577072477288,2
3.285177150864917,-0.18905944086019175,2
1.3213190796135375,-0.5504282858494683,1
-2.8376175734112192,1.2525111307661956,0
-1.1848040127701391,2.9548277978788455,0
-2.048510758206567,-4.741093797149398,1
-3.5321040726741337,-2.8318828931761155,0
-7.785045127623165,1.0441941165938378,0
-2.657170770523157,2.3763629184570934,0
-1.2857195724410664,-2.6770864086901516,1
-0.7159347360931095,-0.5637622985867898,0
-1.44120167939391,-1.4568963426443704,0
1.1160043591629683,-2.5852670732809293,1
5.63872580770649,-1.7597936353988741,1
4.308252695793736,2.0307097361393467,2
-2.575422211324948,2.9420723091571865,0
4.379702857819137,0.9715281601115423,2
-3.039907231054421,1.282516712037168,0
2.3288368869226828,-2.446342273765291,1
-2.4013337481696393,0.047684026902745084,0
0.03295886767588203,0.7881842826953576,0
-0.8177396984573565,1.9028060579193662,0
0.5285782771191435,1.9244999223226484,2
-6.033470831459447,0.6306154254843035,0
-4.803347046979406,-2.193905509947872,0
-2.150618148244369,-1.2173854670552533,0
1.2160673348300062,-0.8234602116845939,1
-1.8302964713416345,5.135148359218134,0
3.0102161927300366,5.034877965041833,2
-1.6595509890483655,0.44175369629969635,0
-2.5380396356231456,-0.24458653031865224,0
1.3145805175920449,4.442727016599501,2
-2.5916909388260225,2.7777915747291337,0
-0.37571946851219035,-0.13996011660768834,0
1.0051779196392154,-2.9092947891194605,1
3.8982605069807135,-1.6334340374601342,1
4.803886974369963,-0.12695769799473292,2
-0.42074615094286827,-0.6547139584875197,0
-2.4740815379218835,-2.968841507100351,0
-2.0229419181708184,-0.48467948768733055,0
-2.133556745451555,-1.2683698148247566,0
-5.735192990440314,1.944924602989335,0
-2.127150382580538,-0.18041322228519846,0
-3.3732044786568687,0.23927551699421984,0
-2.753675578350898,-2.8652309981825237,0
-5.340215102242594,3.2235292285573247,0
-1.348862049701273,0.34987724715789503,0
-3.440094412296101,-0.19278348704949239,0
0.802226272592951,0.09664890445649418,2
5.181067433177862,-2.7648260737529684,1
-2.980773104253105,1.4695367987147716,0
-1.5982742182631717,-1.9291908414964716,0
-2.634945496030165,3.5839733925651753,0
1.3650011406187923,5.684948821115706,2
-1.0809010128622316,3.7526120706336785,0
-0.7659192142385898,0.6717749360378864,0
-1.5177020936253132,-2.0881275444706406,1
3.322852855466216,-1.8379953765730117,1
-1.469293857450374,2.891129036388984,0
3.4711160965896797,-1.028754241146309,1
1.4786177857826874,1.2490950424351626,2
-2.126739728474148,-3.4345708878172023,1
1.6099899190505087,2.994113569930607,2
4.589540213368936,2.988620262037835,2
1.157585267468122,-0.929273965678003,1
1.4090042901071833,-0.6586350646999041,1
-3.2910475014091523,-0.15196617103970647,0
-2.3235835898548913,-1.2422723173494272,0
-1.3890918302730597,0.3361039081448769,0
-5.01065950638573,-1.1261302243484994,0
0.6772698852572566,-1.5248514490808753,1
1.1402324252013643,3.0404321916228025,2
1.2341019242583517,2.784419329959961,2
-1.7211414490722456,-3.159841551071168,1
0.3284106586264753,-0.3418642325941224,1
1.0047013477269529,-0.19001314093798785,1
-1.7394258617952678,-3.142074166145809,1
1.1892341996172946,2.466207844027911,2
1.901849068501993,1.5021257435403756,2
-0.22576344675655155,2.3407641307490916,2
-2.3861459195847208,0.09200136776508457,0
-2.1156589584266245,0.9567272027739717,0
-3.8958455160404695,-2.1506683320530113,0
-1.8657724662665103,2.162022251153347,0
2.0004702199785656,0.9337181142038916,2
-0.920878417399954,-0.269970702171396,0
-0.5239591568197313,0.4212774134200394,0
0.8854357355199182,-0.793099442219508,1
3.0598368095017645,3.313794456147273,2
2.0598216029595564,1.0509052450204863,2
5.171515064271938,-0.5510724793459802,2
1.1528227366960426,-2.810130574519666,1
1.4059571422458772,-4.073047300143436,1
-0.7962004410961254,1.5330781000785356,0
-1.3107901171936687,-2.92158143888138,1
5.035862274753401,3.3725554335820607,2
0.29414180584285876,-2.2353660006642095,1
-2.5520887563799297,1.1065952064576499,0
0.1030606637005098,0.010724963368954933,1
0.20502610284325606,4.46050823605381,2
-0.08665307992101236,1.781770307815332,2
-1.687157549896944,-2.6855948909941474,1
-1.1034819098398458,5.2503226640973555,2
-2.681091447945196,2.7373800432387743,0
3.6625088466366833,1.1930721358001317,2
-3.447928607275789,-2.1832824973117417,0
-4.122213370640178,-2.3963420385325356,0
-0.5709251733006362,1.0994355380186318,0
-1.8267870120351237,-1.197677042104817,0
-1.7289853455197715,-3.2381052121378113,1
1.3107895462912866,-1.1723822582715886,1
3.158132949382312,-0.7624386813880748,2
-1.0032647037199214,-3.474956115975123,1
2.1265123945108257,-2.353956353100782,1
1.902071547312981,-0.9489151829796812,1
1.2338981597427094,-2.4234164297013776,1
0.20977194278940028,-1.9028806086126138,1
-2.9518900817500136,-1.8278532922782507,0
-1.3429863052780475,-3.6663400575418876,1
0.5397401295669441,2.2169297938271035,2
3.9557711538307743,-1.5079736495547003,1
-1.784757851609454,1.4467057610192486,0
3.2028963014589276,5.137450257689305,2
3.4388838126988928,-2.419327054957964,1
-4.0027788936676405,0.5504979565506743,0
2.146282007742401,0.7689843085068114,2
-1.0394546000119649,2.3271265393921383,0
0.12498062310986528,0.21291444462925846,1
1.443669389326291,-3.5810750646615856,1
-1.6453301768058162,4.360859259767847,0
-4.092202396547763,-0.6331996133912106,0
4.0282125158718385,1.0234189958518216,2
-1.5307543212806176,-2.5627756031912536,1
-1.7854657354806147,1.2797572171281841,0
-1.7074257864720643,0.5495894249106819,0
1.1379499926811734,-3.8373997412452967,1
1.8397043186087338,1.9336782629951514,2
0.240759932709158,-0.09753868673636873,2
-2.1604774357477767,-1.5791728543198167,0
6.624549686649864,1.0951590934921773,2
1.0118903021961352,1.9394142270264574,2
-4.751616776163283,-0.5710837684590269,0
3.2989106015772256,2.243838049763523,2
0.6789259138775945,-5.131754061703139,1
-0.33555973283718155,2.726843652895609,2
2.5546500942743706,-0.2508889917482706,2
3.925306079983247,1.2100014668977488,2
-1.573513139012902,0.19386341601541854,0
1.2208494565344863,-1.681041677062992,1
-4.749564854690034,-1.79829353710495,0
-0.2917031147149181,-1.5921070910355561,1
2.007220262101431,-0.8407664123906555,1
1.2788704775864486,-1.2119029154894259,1
0.670693566296455,3.688414920956579,2
5.175017373537858,-5.548162568404407,1
-1.5911539769525747,-0.40298232687726765,0
0.3360032779575829,-0.2720782062536397,1
-2.328034087588767,1.9197284602630982,0
-4.070997684625171,0.4601501696391658,0
-3.217808484328844,1.9881614190545909,0
1.0507570087466176,4.5179812632462095,2
1.4033883469019994,-1.0106246738181464,1
0.5211556449619765,-1.0595179815953673,1
0.20001118059943734,1.3147289007586849,2
-6.512510286969582,-0.4975479630466202,0
-3.5312014616000713,2.9885549844041934,0
-2.3998764896825917,1.2637670541708834,0
-3.9899561268238575,1.045102137736183,0
-2.601609567749478,-2.0771842283488637,0
0.23217331999283802,-0.3752281855436988,1
-1.8526288243647095,-3.360830415012424,1
2.4477504318853027,2.7544605425698805,2
1.1263449956959164,3.8359694860984415,2
2.7409337216388416,1.243531662407148,2
-2.179681611016588,1.0100004278185712,0
-3.1219708335106136,0.853228455324209,0
-1.675878660780148,2.036670941789435,0
-0.3948679311986861,-4.997098607802716,1
-1.084237796122202,-4.544187287890864,1
-0.47872668714196004,-0.7227536633051193,1
2.833410865544886,-0.18826672755173676,2
1.9094501218362292,0.536403476997615,2
0.22923020817263778,-1.4136105738410267,1
1.7830476754192126,-2.783336946494077,1
-5.926054153418274,0.653938116251656,0
-1.1621763994333312,0.049592856046640967,0
3.826081629922022,-0.4682762205703425,2
-0.22038076319768365,0.22409879001909647,0
-0.6830953332318659,-1.9098627790233804,1
0.1876618576959044,1.936199423568905,2
3.718653060972039,2.6050809594307567,2
0.6631783866479931,3.3090472017397294,2
-0.3419474570807093,-0.9139304792716594,1
0.6499226227570484,-2.3510001209562925,1
-0.36669130688024,1.4649783087485335,0
-1.1531528759003924,1.9412191032293766,0
-1.761037380971322,0.3105378982947224,0
-2.0126626563327914,-1.5888987612499763,0
1.148271843015516,-2.2111730203174647,1
-2.839532779381055,2.302990904599679,0
0.4166627842923131,-0.4907776022667912,1
-2.7279958835301312,0.6773958230964692,0
-2.944180655538705,0.7334876186075442,0
2.296626270002227,7.143902406300652,2
-1.6022571069177054,0.9824447378975584,0
1.5986822704416033,-1.2765445789157062,1
0.25923830488988314,-0.6357642724292303,1
0.005739811595839531,4.210959420268894,2
-2.2926284122631992,-2.5253951713660343,0
1.235222757053093,2.231851387211634,2
3.6210251505128004,0.8837780911545219,2
-0.9463247561215686,0.39014180047794605,0
0.568692020646424,-0.4829819028588076,1
-0.7090375972740863,-0.527850463268326,0
-0.8929148473606088,4.041258934555757,2
-1.3021691441059953,-4.590027917143155,1
1.8037709048706672,3.5427772732737717,2
2.3267958041422374,3.021279126003836,2
-2.8527802456017275,0.92432706269087,0
-1.0133047845246728,1.1420066286297903,0
-2.978486917850644,-1.145526911323583,0
3.3714752223415494,-2.828973208838177,1
-0.9150432364322932,-0.4814306633399582,0
1.8665208214158926,4.088049605081815,2
0.4997732813881739,1.5749207014848479,2
2.283866418798537,1.3516086414906643,2
-0.6556060552978897,1.6736530344848302,0
0.11120354875369699,-1.034165320721305,1
-2.0305970901846644,-0.9926837857746046,0
3.827997186543269,-0.6722697426002707,2
-5.658220008087306,2.2124451702913843,0
-3.873813442525349,1.5283119110220194,0
-3.152879832595308,-0.30786237365593205,0
-1.0105439575110593,0.5409839832127777,0
2.7951925139168514,-2.6912613089125155,1
0.3724590604831548,-3.3852575152738034,1
-4.691322378615236,-1.4123452637982734,0
-0.9908365611040847,-1.569846927862905,0
1.4200602197524297,-3.8311676172997786,1
-1.6829852478334724,0.5020332377310242,0
3.699351217225917,-0.16579895766078795,2
2.1918489123601383,3.0393267546655154,2
0.11754150278738694,-1.371383358753723,1
3.0597151039571706,-4.415969099559155,1
0.23460084387568972,3.944940422027171,2
0.22451517661692935,-0.4528890254885233,1
-1.6466566516831729,1.2319487969031593,0
-1.0748538810035337,-1.8229781357829102,1
0.6007973860909998,0.0016885165115706367,1
-1.8214934546825439,0.45371120395747194,0
-0.5959821897041163,0.9325481323592894,0
-1.4973157801071058,0.8365399346535701,0
1.2115850708361717,-1.6662155372224372,1
-0.9062495811007037,0.574472026333938,0
-0.2986623827427603,3.0793051605373782,2
3.4267528154807105,5.804207818852206,2
2.7334745318277833,-0.26581104104816516,2
0.26250351151313306,-1.7884472076507287,1
3.7787736527214224,-2.897649451916763,1
-4.039648552955241,-1.434133929846315,0
-2.4885003164858923,1.0368910587700857,0
-0.3765961442348923,0.28775530019223655,0
-0.625325186296292,-3.016055006853984,1
0.2996412161793908,2.6909333327475524,2
-5.44394486682737,1.1968822170132196,0
0.9597988179165804,3.1826332603600624,2
7.177293213746362,8.252038813955183,2
-0.9545945019417535,1.403710562277996,0
-2.289595630746843,1.2707320513310618,0
-0.0275752477679526,0.022003115663117318,0
-2.4164902137791358,-1.4807788668593942,0
0.6255870801309845,0.6459694192446181,2
3.804379262711874,3.1462678843477008,2
-2.5237217032325994,2.967185541795846,0
0.21089956211064356,-0.1455765798975074,1
0.4546742279476547,-0.2443112368923984,1
-2.87372824682742,-0.40059142755390936,0
3.5762398762258014,-2.6612834807760475,1
-2.8782540181515817,0.31122772933660353,0
2.3016794096142337,-4.05143156243905,1
-4.662108564816863,3.588277206810381,0
1.195517730545351,2.363874520863386,2
-4.677516757674831,3.461965424762913,0
-0.6451483057933723,0.48182784074221224,0
-0.6710370597686973,1.7990193514940398,0
1.2910807989881408,2.973313584279196,2
-1.038894986108191,-0.2534964983428748,0
-2.571921109492286,1.3640367976677412,0
2.2418581961696598,2.787396801986707,2
-3.732359311231979,-2.2388574189820383,0
-3.492102916121484,-0.7387351311927761,0
6.448603005986151,-3.653559771656817,1
1.1294763377545707,-2.0483206730868013,1
-2.433390850087169,-1.3826947661742157,0
-1.360182239636625,-2.278723104719809,1
2.560694834477321,-1.5679806596119057,1
-4.898619940432177,-2.5742881139889566,0
-5.02593667682186,-2.210761452613565,0
2.757243629585256,-1.3825092283839997,1
-1.1368600238704976,1.5366032351057144,0
-2.3432239509865864,4.347475189935143,0
4.313336633037122,2.600430115376198,2
1.1378239375507961,1.8104786269402984,2
1.9288465460218207,3.067818905861774,2
1.4951925434313758,2.3766585192543825,2
0.16668750865648493,-2.5088619284352442,1
-5.0129562433373165,2.482641898012384,0
3.4746406576821425,-3.2220732771171763,1
0.16704054294397602,-6.3982193111045405,1
3.3776581374966073,1.6910639350686372,2
1.5236568244568096,1.1002745649140984,2
-1.4172723048269713,0.4808933450177249,0
2.844352277619278,-4.86296153824179,1
-0.6002194624098423,1.253711848044588,0
2.515109357666162,1.8676748093756501,2
0.35853885159818494,-3.60112194743975,1
5.855749840034659,-4.875275633023888,1
-3.5716630640721374,-3.6474269147539493,0
-2.499897325294984,-4.369742561084817,1
-1.9678161249969337,0.4572196981985547,0
-0.24498486850635043,-2.552921238561109,1
1.0810718955341092,2.3350049442981504,2
-1.3400931324966376,0.7495296041312287,0
0.9700359342212163,3.770303922164478,2
-0.8926298918289983,-1.6986557795759853,1
-5.129102296814687,0.04583951238625393,0
2.743468353423808,-5.05706525692756,1
1.9126840418604831,2.474641213346939,2
-2.8996274843038945,-1.6038638389044124,0
-5.183257141521407,1.6324139268398488,0
-0.21779791004362928,1.0442886473042516,0
0.9227122958305634,3.194123693894747,2
-3.6172386642389873,2.5164012587901254,0
-2.857919837228791,-3.276896537939614,0
-4.581075339080295,-0.23299333845245532,0
-1.9404388239720667,-0.05559023144123743,0
-3.6063025498405397,-1.9993257930196262,0
-3.504622084449267,-1.444150011259082,0
2.504331288503963,-1.3053312247983504,1
8.501620456730782,-4.59669371524832,1
0.25273053092805464,-2.3784990180048124,1
-0.6660775483700917,-0.43836669156036334,0
-1.6865605023834953,0.6963489079846845,0
-3.3075666173628604,-0.5293039101132533,0
1.8907491167818864,-0.22387648858805279,1
-0.3571215090906224,0.8701173404056816,0
-2.882026133239571,0.0452151912055054,0
-1.8313896304314163,-1.4449650252671848,0
-0.3994809162338182,-0.5772700514008583,1
-2.19858796624446,-0.9719191807782599,0
-1.6832058728414085,-4.040730199881006,1
-1.9168521019295546,-1.4088412123945577,0
1.0218498880230629,-1.1052188732230201,1
-1.988883470548581,1.5530238773839813,0
-2.3061011286991517,1.255668710298321,0
6.06450420366828,3.704539237098231,2
-1.0161789391365297,-1.0546409623878565,0
2.6824342488397237,4.508642654737652,2
-2.495542029129451,0.2717750510455106,0
-3.1677007480534365,-1.768725980034846,0
0.3352156227351653,4.504100960733309,2
-1.3886127178168557,1.368024135401138,0
-2.4899536907714928,1.3089950532830399,0
0.7199879523999084,-1.6460860186877788,1
0.00160744309099553,-1.943742818786746,1
-0.6563349980911339,-1.0844584485671176,1
0.24634958368616308,0.5797041080992946,0
1.401544898039609,-1.4522358436249017,1
5.236633921813874,1.1544067372332822,2
0.22305155336540344,3.557675657173261,2
3.317351240664939,1.0033136436169658,2
1.2386433577028844,-0.6248702753980069,1
-4.36127706348614,2.073177588327152,0
4.398377286940786,0.1934090246570978,2
4.901261926670895,-0.6138466918168293,2
-1.5832020946756153,-3.3156684852722296,1
-3.2999448143105323,-0.05544735802157696,0
-3.634040704326759,0.7676805595704195,0
-4.129013275437112,1.2571305808210693,0
2.4702874064911757,-0.649854197904597,1
-4.790095002386408,3.1973153443574067,0
2.827817669313165,-1.1187529491607937,1
-1.7295046193720645,-3.5765701173305025,1
2.6717962465892158,2.4222573460209076,2
-2.6915607763366056,1.6710892378289919,0
-1.8139314151196695,-1.208971916949922,0
-3.645277815553948,2.8242331503640417,0
-2.871428609458914,1.9045424666290696,0
-3.7980994266983523,2.980109013419503,0
0.7677816983248161,1.0351685605426417,2
-1.336277519824083,0.04822847212020838,0
-1.2369579454363788,2.3290536652419846,0
-0.43635233186499545,2.973620183717621,2
2.034764291305819,-1.7607550865961983,1
-2.845292814389196,1.8535184724944331,0
2.513888441439283,0.23221882692665616,2
-4.195160681476807,-0.9229412377193745,0
0.11074691366179228,0.741495681104259,2
2.8191242651096675,0.06919376366953894,2
8.462366589189745,1.6948695409361936,2
-3.5154862259336097,-1.8016234875498813,0
2.176859591010657,0.852217588183093,2
6.760681361994479,2.0562308652357495,2
-0.375675591001042,-0.8263313191005386,1
2.157077673983551,0.42496976059011426,2
-4.1638762680815145,-0.578193191992532,0
-7.948839256657301,1.283910994062703,0
-0.5861223755765205,0.06820413580750144,0
-0.24235851375210338,3.0488936781115528,2
4.123961255714238,4.76728702174349,2
0.9794012957134824,0.004745841112384862,1
-1.2609358526502399,2.2962780981900615,0
-0.4116100288765426,-2.155199545620722,1
0.06763704626174519,-0.3316882389832915,1
-0.7169547303387062,2.1762077789626355,0
0.07481332891019,-3.930166228769704,1
3.090627690068345,4.013252160870519,2
-0.7756268375037907,-0.06309028599773757,0
-2.8367299185462245,0.2198041906815607,0
2.252061398318985,-1.9821291561441263,1
1.473833294473734,-1.1828195428190762,1
-2.9411894645945997,2.4621167134210276,0
1.2899665290820281,1.1863833521339513,2
-4.418071533432908,-2.880303441512744,0
3.705257205415897,1.2028743391281342,2
-1.9157724930610882,-0.7373487237393684,0
3.374428547857441,0.4037865177836703,2
-2.1843864878560666,-0.512100162568728,0
0.2300076421920842,-2.31384705369084,1
-2.670629701880273,2.7561383045071617,0
-1.9783824074897436,-2.7678388799168556,1
3.4226172012534963,4.541305381059715,2
-3.9879527880777963,1.1861316405657252,0
-4.54568817235016,-1.494524434397531,0
-1.1797552640190068,1.21602474468667,0
0.5238326026685014,0.8991594271054562,2
2.6754234101776797,-4.176743930839728,1
-3.819528609656646,-2.492416765373683,0
-0.8521439279216877,-0.49126922520969385,0
1.2445711779821047,-3.1833112314202445,1
-3.0517250452878097,1.7130728699162783,0
1.9104121352594443,-5.733746954324667,1
3.1802797278609884,-2.962798511272441,1
-2.193892117943686,-0.07079502486282065,0
2.732097663888617,-2.300603563494774,1
2.222284253364748,1.462563690656242,2
0.4807039800779337,-1.0083145124145787,1
0.34883670301805186,0.5001855547746045,0
-2.8931128013470446,-1.1762513599121174,0
0.17558759655424427,-2.935489064540559,1
-4.18392994941455,0.8830201371167266,0
-2.1720459679507624,1.2609110139091066,0
-5.666576232539433,1.5008977343843901,0
1.964950660858772,-0.13379829700414386,1
3.141943387722889,0.5221824653180657,2
0.8627581987583327,-0.436614772550526,1
2.1816509774098276,2.4508565320431437,2
-3.421543350439922,-1.2003162710086839,0
6.238083921937456,1.2921452059670013,2
1.243808773099728,-1.3323359467741673,1
0.521526289315864,-0.16734765105240587,1
2.6706469762488787,-4.834802592205221,1
3.055075428291638,2.0527085023751814,2
2.4206917409901636,-2.97143181511049,1
2.5430839261229856,2.8178583147258593,2
2.126793077378192,0.8807159377794531,2
5.002662329510706,-0.6142078533539089,2
-0.17627312418937963,1.364848306219273,0
-4.170835427510035,-1.2172493003272082,0
-1.3119303269209528,1.7060020472101067,0
-1.654992345635042,1.6494866735553382,0
1.1423572670445776,-2.2724726997785667,1
-3.2353603872866312,2.212702372425473,0
-0.6209824226550662,1.1207637260205432,0
2.7453711492927484,2.993503747203638,2
0.06719076808910873,0.7839539588795649,2
0.35717086415462196,1.2702124004424735,2
-5.04791751697241,1.8023720767643294,0
1.1638804487314747,1.610527994928704,2
-0.40397583773288187,0.3916658035837384,0
0.3203192869316499,-1.5889412003380878,1
-1.6348625570438935,1.6018717209553226,0
-6.594532693658934,0.5082730135702042,0
-0.6057435897676037,1.5488692195305502,0
-1.4044496914016384,-0.25019927073076753,0
9.044580243623129,0.1840232321008074,2
2.445992133725306,-2.6690173187718282,1
-2.4806540376019592,0.35542774869122645,0
-1.4125369961445722,2.2000839517274575,0
-0.3598092634245027,-2.0255527630351096,1
3.713285260711097,-0.8523727218674642,1
-2.9962196909406393,1.8290754661119766,0
-1.6671827315602439,-5.074481528937796,1
0.21358033996322698,0.6267772000772033,0
-0.15155017980051816,0.8603289019153422,0
-1.5086867660118126,-1.6533911619101342,0
-1.5451479380351716,-0.4501449778725704,0
5.310838012357158,-3.5496345982326774,1
-0.06521055561725615,-2.2803431438592714,1
1.4755664716834802,-1.8705990456390391,1
-2.5156722644926157,-1.843399485322545,0
-0.6123725588776425,-1.2796445085265866,1
5.347936042300071,-1.5840961223314511,1
-1.4800286897229553,-2.01264070499455,0
9.08024107763039,1.0017508825147696,2
-2.8410345337564005,1.4813653356913175,0
0.5668705385193968,-1.3795241902952042,1
2.064215586346054,-0.8341478481688691,1
0.9551851587803531,-0.2840507167683886,1
-3.394502201551532,3.679692243500573,0
2.2328362884991164,1.866109882211203,2
-0.3589420044784774,0.19752439941615413,0
1.8396754143251721,-2.629239425422278,1
-1.9446613794676337,-5.90782923175118,1
-0.6906800029624153,-0.5996882394621761,0
-5.985358853353305,2.0637505022288347,0
3.225830957215337,-2.399313365894293,1
1.3545062856065684,4.297711955433528,2
-2.4298618465849438,3.729437449849471,0
4.710464083854744,-0.03690722964530736,2
0.5233704590405305,0.26595008837916323,1
-0.6155609817577558,3.241764722983356,0
0.557830614585794,-4.179667188275994,1
0.5455569260705168,-1.0656869468053203,1
-1.2851133699222526,-4.277547225916005,1
-2.690224377206921,-0.4323683430186085,0
0.9698572578483644,-1.1184239250061385,1
-0.845958142405635,-1.3456127828507944,1
-1.7808506331104383,-0.6163242139902273,0
-2.7887818026296873,1.342640061619785,0
2.0832068207161947,0.2986831793182303,2
2.341038881953616,-0.42698741698714937,2
-2.4352076833499,-0.8360471741068477,0
1.6405316470661493,-2.2757761850507547,1
3.29912606578632,1.6271820237308512,2
6.7806239690053935,2.1097786865684762,2
-1.6023297311184697,0.44761660044671386,0
2.88639219517782,-1.4218338904732373,1
4.639368809698272,-3.2963011974597465,1
0.8922911164011862,-2.7602919131482926,1
-0.42283384993685125,2.01113797832115,2
-0.17479433985432513,-4.941012576761369,1
0.20835480291156974,0.03472301780767946,2
-3.7297363575011406,-0.7981373380225245,0
-0.6503587990137005,1.3456591584006106,0
4.5604541742030955,-0.017230153802480844,2
-3.0103669756460087,0.7336803403395548,0
-0.32533945383322815,2.1257836408643573,0
-2.33245114654432,-1.2983070228715812,0
5.777103447319154,5.458190797315911,2
-0.9617798085514423,1.0320061494278439,0
1.9527896394262276,-2.076110135344449,1
-3.290514831692259,1.6404083669546063,0
5.82797623293139,-1.0557281736795414,2
-0.39063051052310155,0.8731998550966185,0
2.7419802459339686,-2.860332988610553,1
-0.08104088204504337,1.8595761142935527,2
-1.8628799075910567,-1.6193566187318453,0
-2.1158247458265063,-1.0599560180861665,0
-2.1427772960712934,-0.3546393118405684,0
-0.001679180002460169,0.6145316775481958,0
-4.322117712332623,3.4056146731305788,0
-3.296552345736594,-1.1788724075102992,0
3.2520169262899006,-0.0599387712279612,2
-1.4015441541372065,1.0752682479283253,0
-0.03999965427419056,1.7344291170853807,2
2.6820488482030447,-2.5514812355091694,1
1.9049827127700367,-2.619139453039062,1
1.4596691388931207,-1.2241473165952226,1
2.2943617411276747,-2.8474294688057338,1
-3.6342637086629725,-4.125378769349439,0
-3.3137871029685817,-0.15122507834378235,0
1.83311563063283,0.7591296229899178,2
1.2693995940641112,0.8290633284608401,2
1.3011606170200471,0.8642037032345582,2
-3.6159006308719674,-3.8253283181646416,0
1.0590598691979192,-2.51855221280391,1
-0.6076905975170421,-2.621100502424308,1
5.2915452059136845,1.9733123704718747,2
-3.9624941616705116,0.14912469445059076,0
-3.053988914300076,1.4495700978974333,0
1.43193108464822,3.432043213120616,2
3.5903367626598848,2.2616610062558884,2
5.202513030827455,-1.8511936427927502,1
1.1812657906725914,0.7668448492743235,2
-0.4723770933969465,-2.727912191333032,1
2.8194259642545485,-1.9692500305893743,1
3.9801049325241653,-0.31567750663474464,2
1.0010538939346902,3.660654998559015,2
0.979129383392364,0.5382759296611622,2
-2.5610608240627415,4.28090320927628,0
-4.672494126593487,-0.29855387686694307,0
-0.7259964402187299,-0.06749898027021928,0
0.44605758148673774,0.2356677863321372,1
2.2775256379720443,5.11517491106117,2
4.370847740649268,2.680197899076882,2
-0.08980263229930739,1.9164879818256226,0
-1.0874195775558202,4.796352255955444,0
-0.22332542143798206,2.9434786060847644,2
0.7570756825622819,-4.282351137339442,1
-1.0897022323108985,-1.8755038069656929,1
0.44089269346153837,1.0314861557044337,2
2.2643317180396734,1.8246396226739003,2
-5.4130996724686895,-0.2253922102098957,0
1.7264131175986248,-3.079809539179404,1
-0.8622757941233511,-1.7277683016764067,1
4.1552327112276,2.7876621505688552,2
-1.7627145571417582,1.1419947790733156,0
-0.5235884298853759,1.4338740864219275,0
3.0282063092629943,0.2133904455918411,2
0.6019158997404486,0.38451653687043374,2
-1.161456496399452,3.268432180308405,0
-3.4660665296786304,-3.1015855412436344,0
2.0720000660302014,-1.3807985992891183,1
4.797360305040643,1.4834149115915525,2
-0.2921268908025003,0.9616101120665688,0
0.03673161584729566,-4.992780297500284,1
-0.1618717487516943,-5.166815439774638,1
-0.02544760013214474,3.0646725051335317,2
-1.094257307588418,-0.8359607243063205,0
1.8544877493261456,1.34810894769564,2
2.6333977666123562,0.2612916977376115,2
4.438587464340212,4.796313929240557,2
-3.048869917784165,-1.29870546464657,0
-1.7546705806886116,-1.254708138974499,0
-3.1356458895937362,1.4411434328507329,0
-0.31724463073253856,-1.9143877136176872,1
-2.9060612713564615,-2.623439975223682,0
1.0458139248826541,-2.700672021413646,1
-2.703242255060798,1.1965009810847882,0
0.9677794525528904,-1.8054872211756048,1
3.7008990882924135,-3.1547810567128627,1
2.8409233076528975,3.8913748883350405,2
2.116325064697965,-2.1327452721326834,1
-1.5679559966813243,0.00877359042504963,0
-3.2686384211479567,-1.096230065597603,0
-2.214209666482127,-1.3443781635309255,0
-4.556164394543865,1.651533792905597,0
2.7270704195793605,-3.978438542902895,1
3.281822466129367,3.4527047635530086,2
-0.08346367085987648,-0.5065672869396125,1
1.5896086016277584,0.0036554275697226845,2
1.5534126993309005,4.518713289400855,2
5.725274210775951,1.5769112261091625,2
0.1653653146234355,-2.6277349123696356,1
0.13809238061733983,-0.8576045349638237,1
0.867982135280363,-1.8502999515695007,1
-0.9488849873184441,-1.6046272127888457,1
2.8663317426579313,1.4555723872641912,2
-1.8304364233636248,0.9625734656800851,0
-3.032506061793036,-2.364430514451833,0
-3.5963577445281896,-2.242135335126181,0
3.50214114496061,-1.7759441420485678,1
-0.004923246636514281,-2.0642881362028804,1
-0.8367355008142237,1.9373385890610704,0
-0.3713912610293843,-0.07031631964740154,0
-4.684069775603274,-0.8261840193156409,0
-1.3085863849131363,-0.263191361520988,0
4.254649937737761,0.013954043300472447,2
3.5895383784430845,0.37416924681568864,2
-4.611985694640834,0.7112458483029716,0
3.7591762528800605,-4.225039605797294,1
-2.3345648193248527,-1.067081774913981,0
1.2428697931542398,-2.5605915644351422,1
-0.2796241705502187,0.002940586876679176,1
-2.488144568186542,0.5012320361235767,0
-4.786331386012986,0.7886323486618285,0
-2.625829034596983,-0.0779824702612685,0
-1.7869931112069153,3.535204734892028,0
-3.23107712775734,3.7628777292522533,0
-0.9188278848277746,-2.6529174125877955,1
-4.572892721952928,-0.9027055893959415,0
-2.8035236239028736,0.7306432724969604,0
7.798860047665298,-2.5548963459988054,1
2.599751601631496,2.9081722821539278,2
1.288611878215386,-0.21172898642834218,2
0.5767594415843584,-0.32856497437147997,1
3.336794208902096,-1.0830415751706923,1
-3.6893611477997386,1.4267460513796741,0
-0.6287247727492012,-0.6430178262532653,1
2.8320310214223188,0.9088293737378537,2
0.3668699108429037,-5.968821392563263,1
-0.9950556971680978,-1.825449359948734,1
-1.136344593898276,3.569074514088828,0
1.197477833645253,-1.608020158054182,1
1.572973329413099,-1.1646626583987503,1
-4.542269318002252,-1.1531671773609138,0
5.188970176800913,-2.351386129702798,1
0.7999703008807701,-0.4327883432611218,1
4.311032137462112,0.8178298039326021,2
-1.4239959560737088,1.53727943456382,0
0.1484366017672334,0.027772836299582375,1
-1.0401202583336395,0.7002708582979049,0
0.6526733768128825,0.5953733409992954,2
1.2588776764378773,-3.2241286771971986,1
0.6923950992129859,-2.304430843295582,1
0.7350326105174302,-0.17614466778569063,1
-1.4942023959156328,-1.133857796349671,0
-1.1078203678427176,-1.8006002174105407,1
-2.5584645457649926,-2.8001425729768656,0
-3.1442982384221154,3.2360146124411715,0
-1.2379166400091326,-0.22646934453616877,0
1.0398561486086155,-1.2728286221825553,1
-3.782161231417857,0.5944755201291245,0
0.5236272115321173,1.104126881922177,2
-0.9162770287456043,3.809263889163453,0
2.470054110880967,2.7772494184920773,2
-2.2607371895798902,3.616534549485635,0
-3.458750928518331,-2.5382417305003933,0
0.6290454810273025,-2.607256602950301,1
0.9821492378647662,1.329615027290232,2
0.2791843239003812,0.26928487680726293,1
-3.505210187034369,-1.025467584570699,0
-2.0013677517332065,0.6428125201714677,0
-2.0067931284979053,-1.9272972558972137,0
-1.8131165604012485,-2.048094871123945,0
-1.6733405005500883,-1.4764655311901262,0
1.0569705753858092,0.5190266319171056,2
-3.3674328970920557,1.7186720475597996,0
4.156601540387298,-2.8389000932920365,1
-0.44140142366064933,-1.1759777136716907,1
-0.6412478171547034,-0.7832312424241303,0
-0.9046276399097285,-1.4116688617751756,1
-3.1786475631472113,1.2715466354776823,0
-1.2615772520290083,0.6844111475182498,0
-1.1318581388054456,-2.860394559744313,1
2.598633599985223,0.700684965308693,2
-2.394476830574792,2.9727442723572035,0
-1.4915305458164454,2.2049228443857714,0
-1.2818999489905818,1.1923101446403823,0
-5.7590084397115335,0.3020052805634184,0
0.14173940155526318,-3.044428273631918,1
-5.182092897073399,-0.9307992423998891,0
-2.9387485812214327,0.06484827319549291,0
-3.3638402450271228,1.6453893144542786,0
2.3255565292575078,0.661280808012933,2
4.9622396226027945,-1.4646768699324435,1
-6.836573050499925,2.2971326635882034,0
-0.10080089598668017,3.159636822918575,2
3.649245380515716,5.4728669335883,2
3.503367510843837,-4.445671957270387,1
-3.5507445407636733,0.8661537757947417,0
0.8502538322054988,-0.6757595805158204,1
0.07580524154039431,-0.4764948083929039,1
-3.3280909042432314,2.4698684221383975,0
2.1564042235555614,-0.5496435557821182,1
2.016528304250495,5.089168525964839,2
1.318447371475258,0.32328880133242544,2
-1.2156589983635337,-1.2486292485927508,0
1.8682264048696844,3.0883768658366075,2
0.3391756182747816,-0.5952755811433088,1
-0.7439235920252063,4.037586086331783,2
0.4305207692786854,-3.9450818309601368,1
-3.741961579204036,-0.1537422944208403,0
6.811044226689607,-0.8427039301335201,2
-1.8105860873246007,-4.7648962127707986,1
-1.5606550813089162,-1.562982110838849,0
1.0781724255421439,-5.744759126924812,1
-4.163512553935585,2.534085305200404,0
-2.140368631652701,2.4038082336444564,0
-2.6668285844159874,-2.3281277957766684,0
2.2021776995854574,2.0420730799610904,2
4.363218218155174,-4.126449846315881,1
-3.2689036611947797,1.6622075981462967,0
-2.0364653882884833,-1.3598857888784783,0
2.6480536272137143,1.4025218008227383,2
-1.1619128123883589,-2.1871983254983403,1
-0.46453875617133084,1.4711891557219823,0
0.20230958989207087,-0.38668197843723334,1
-5.760353229932306,0.15688998862163486,0
3.4304657196528288,5.864053029897995,2
2.8047149927591826,0.7818138401583976,2
-1.9577265872726701,2.2489939826389684,0
0.868099123020732,4.088019469666279,2
1.4969487358167994,-1.959586949167247,1
1.2867832730343542,-3.459987138168291,1
0.9196307372133314,-2.1600885817672366,1
1.2656070435279414,-0.8694662948662593,1
-0.6999597393318558,-1.266358632556271,1
-2.0895826251615013,-3.9402984453654843,1
-6.1881148880595225,4.744200914088828,0
0.023231046932573943,1.5648848521291272,2
-4.079863144524156,4.381261436657381,0
0.8799195370869548,1.5166607652100428,2
-0.12091396570653216,-1.3637967327539173,1
0.7175703715660041,-4.454993936353287,1
-0.04094907536760516,-1.3370930200959041,1
-4.339110963435084,-0.3416954229708984,0
-2.9225712615872683,0.358789773503445,0
-3.2575097244732167,0.14580398233158567,0
-0.4511836095833226,-0.1297385657320629,0
-2.761658406455719,-0.7629887804454154,0
3.703956439282418,1.7170320384705944,2
-1.2722790049022736,-0.8795430398029326,0
-3.464213951349944,-0.2357777818126393,0
-1.8367041119914613,-1.9620834535072722,0
1.2703358884761524,-0.33823237371461745,1
1.415607809465944,5.063991017989855,2
-1.55540993463849,-1.3536688769997698,0
-1.062844712317863,-5.553436976438609,1
0.6380519481974394,-2.8992653268854918,1
-1.7857604752585339,1.3449833127536872,0
2.282766676647668,2.665930745412258,2
-3.655881437698423,-0.8121808136777255,0
-2.6771005201194855,-2.711720915242348,0
3.2210375105409006,-5.243233403523112,1
1.2667578440847873,1.208852166218602,2
2.6545723061898476,5.795687652097062,2
2.100016928802802,-3.6578361800141246,1
-2.8125932958721815,-3.0396858678242373,0
-0.3897870742933077,-0.7871306415945933,1
0.21109806093242678,-0.9981996764248908,1
-1.273642441427038,1.532479617022417,0
-0.773895031051014,-1.5139876634824112,1
2.7563551881666704,-0.8977209334336339,1
-2.1646646039603565,1.3522420176943861,0
2.966933241061227,-2.904552748179072,1
0.41624971610785005,0.48190130810628445,2
-0.1861418787316541,-1.191949541738445,1
2.160448303382611,-3.7367094663519276,1
2.0288699389258826,5.3977381392400074,2
-0.33023546081416255,0.8455298028383357,0
-0.31114145345874844,-3.728860826601105,1
-0.754576108674525,-1.1062559751360936,1
-0.07413862498528775,-0.8120582190796373,1
2.5419749716764324,-1.065715242919117,1
6.103049316121441,1.1543637586374196,2
-0.3008649917625268,-1.1617282495132832,1
2.7880175586067604,-7.118970879642531,1
1.3638465417690075,-3.893301005225365,1
2.5520272390054566,-0.0614016141035173,1
0.2690107456140935,0.9197365337792798,2
0.14687136460902248,-2.08653298884456,1
-0.5054047185528979,-1.6020912740739999,1
-1.0050554508246237,0.15915588834575845,0
-2.033470082234006,5.2002579799821,0
4.259434311307018,0.8929528623850624,2
2.733582703456201,-4.72772101173469,1
-0.10309194149856085,3.2999046802898064,2
0.5501516208235272,2.196938611401925,2
-0.4686330174295122,2.6778944379603877,2
1.625292198978848,-3.0051755933435933,1
2.4357434796820727,-0.07083737655684255,2
3.4342752459915906,3.061845899944232,2
-5.77742125855182,1.872664288953213,0
6.9306029054998275,1.0056668401045719,2
3.887483856034479,1.711559994756122,2
-1.8001888779400446,1.1346015843924497,0
1.0759834655928433,-0.31837721456304874,1
0.6868633220415523,3.149051844858256,2
0.2873953096392168,1.2918199503432284,2
2.5785013294960013,1.8671164471160606,2
1.8024689365845896,1.7148990099045005,2
1.6086215651569873,0.392953850041877,2
2.6754213340198896,3.6907094700734855,2
-0.05868845328070846,-0.5002696720254945,1
0.5227297037865979,3.735935065395294,2
4.333897716420698,0.6746722434765916,2
0.5429576979113251,-0.30700701926567886,1
-2.1367795821742055,0.6065893563218155,0
-2.1338276965461134,-0.5679557941585913,0
-1.828705771676589,-0.8818904513606305,0
2.5369444581903084,3.5055592545729723,2
-2.9816623631934878,2.860231177838926,0
3.331847451964583,-5.136865036690536,1
1.9153128022946857,-1.0100066487640518,1
-4.218879936175444,-0.7115456654928854,0
-0.5837574748046284,3.8256345288616878,2
-0.08438542809337007,2.1734403556268536,2
-0.0766285964101641,-3.176555795137418,1
-3.755044332615138,2.5168630781288797,0
1.7141591666381015,-0.4778420642075704,2
4.569086519485188,2.9413130609088682,2
-2.609890487574535,0.1705773227822216,0
3.1463614841577754,1.789743961892424,2
0.868446677533608,3.3080604478278905,2
2.434518467795755,1.8228077359175314,2
-0.2716526665820497,2.6608189383263237,2
-1.9810170976129993,1.956712807838482,0
2.5540441049453055,-1.444721186590294,1
-0.13592411712782015,-5.98554241657012,1
5.677875122277368,0.5117511714711841,2
-4.594823780175669,0.2055726763892638,0
2.9324446655878584,-3.8478808395340867,1
3.888558075353993,2.298158884179303,2
0.5759770403435971,-0.05032388750138069,1
-1.6521417961835199,-0.40212446213909364,0
0.059643727599264416,-2.2931137167808293,1
2.963455771944219,-0.3763392770391505,2
2.7786517851454344,-2.9441955646543403,1
-5.097824060621674,2.967749511213208,0
0.7930526935109478,-1.168804828295108,1
1.982396189638511,-2.447944002979792,1
-2.165838743557417,-1.2618167270627352,0
0.21369535441579035,0.1511180319424971,1
-1.0298607958878188,1.0164358004730691,0
-3.1938201884716535,-1.2847347371229207,0
1.6563211748515032,2.2914766130520725,2
4.85557803682708,-0.26395997730302195,2
1.5842527776983821,0.22280429046866074,2
1.7712442342517727,0.21678044336061453,2
1.0190289319387682,1.5380775011615104,2
-1.4858165238756298,-3.4877717160677113,1
-3.642817430764387,-0.8973695088464521,0
-0.4133500952347996,-2.1090660911108086,1
-3.5821719663314044,3.6687924433744983,0
-1.368420212410272,-0.5926645087760095,0
-2.536344305886866,0.19548862150388344,0
-1.9126289729582708,6.561918421027164,0
-2.021776677124085,-2.871811880884272,1
-2.185889126216433,3.4613314745787718,0
0.23296796196012617,-1.2431426815761129,1
1.9772375731773113,0.601104057519476,2
0.9675760267270925,0.5397146458203317,2
-1.831534899978611,-0.2877661349508412,0
6.640024048034362,5.2932633116385,2
-1.2330239311741138,0.5552048553227728,0
-2.5089100094586367,1.4058317375632245,0
-2.120978401818236,2.57732169428581,0
-1.1811251331691923,4.723850339354872,0
-0.8029385585059674,3.6344811924315064,2
4.8696502973503355,1.0898034098701166,2
1.875970745624118,-3.0713498823701273,1
-2.5895474579240108,0.8875466949131263,0
-6.553809620142019,0.04545821037203102,0
-0.2271975840115938,-6.743829265155508,1
0.8365732838920352,-2.2715134041196303,1
3.780493017014095,-6.017306602119345,1
-0.03338906466806613,0.6292144622785133,0
1.7031189972539251,0.09246467012122259,2
3.9912823173709526,-1.5920710419189124,1
-2.9726666012195846,-3.1373486629061125,0
3.256686342332223,1.6361703046883056,2
0.9092387410222638,-1.0546746011136603,1
1.7703248163968301,0.8878712283818055,2
5.205743155169783,0.306436538448878,2
3.2384982749630997,2.952157414164194,2
7.962558324353147,4.421669708000669,2
2.5577823079327247,0.6366643377248526,2
1.909079369951422,-0.022428135515977363,2
-2.0254605392778404,2.709222385505171,0
1.2505139367383542,1.036720528366166,2
0.9690253111221914,-2.0443120975606317,1
1.1650138245940198,-0.7883353303016821,1
0.037889381344629394,-6.42699392555938,1
-0.7108603598621642,-6.781884915992476,1
0.38326099647385675,-2.656976550648663,1
-5.209127232939473,-0.21139811483061577,0
-0.2843668414248106,0.8843890455955626,0
4.978348178722288,-1.1707009445795444,2
-2.5829297249318834,-2.2806615525335228,0
-0.9406574745920814,1.403759004147475,0
-2.0972142176626,-3.124697099946092,1
5.800825346200311,-7.113141141102072,1
4.5428601483616,2.8299834182152077,2
-3.9226705604534224,-0.8735314289486663,0
-1.545439635500211,-1.7127265341926774,0
-1.5578999819205874,2.872443663919537,0
-3.619166268287985,0.45962355356387546,0
1.1384161414664187,-5.130600786151316,1
-3.4265124577609964,0.6740760324085747,0
4.358961404899775,8.51385684180561,2
-3.2266031422446213,2.8719388408702873,0
3.555605695604668,0.22053636457600148,2
1.7523029558176082,3.2358832480581263,2
3.254171507920697,-2.873671684382372,1
-1.2242575757614171,2.9185453158529757,0
-2.1263853721623995,-2.248757146390246,0
3.68014987543473,0.07353241347824152,2
1.6132842534248752,2.5007751426904723,2
-2.7334033846002157,1.329638703966484,0
-1.2607573695921062,1.7081451866957187,0
0.3732089720474909,3.79496287845004,2
4.1564913650618145,5.164157270595128,2
1.8200543973762164,1.6305579488596114,2
0.5472749557825937,-1.4965480556538837,1
-0.42614245822795793,-1.4185716376661235,1
1.6805899545249972,-2.342363584551635,1
-0.9669195183754201,1.4453816125215926,0
-4.5965427394079175,-1.6481101587251314,0
-0.14319211971582374,3.6151829763896717,2
5.722360018454422,6.963874392067286,2
-2.442580322087646,1.8312308487256497,0
-1.1093181579370568,-1.6674861398965164,1
0.32581963318954327,2.2341055515809116,2
-0.33672807132283217,-1.5976822771416503,1
1.4540355592312189,-1.8976896025622052,1
-5.57804888276883,0.08764246088123274,0
-2.1328802481005895,-2.9330015506338434,1
-1.8705744186714763,0.713946824813793,0
-2.454270837996426,-0.27925152145033877,0
5.659119175470086,2.3959179871005203,2
0.9055117121056873,-0.15043982813687568,1
0.15956291157009167,-3.5808561140200563,1
7.028596728390741,3.737007871264085,2
1.5805920005269152,0.2717256143105879,2
0.6987567460375201,-3.5461161569658217,1
3.544406274819885,2.4961562301348956,2
5.1128507716706,1.0573014569717123,2
2.2558874688995068,-0.20124861116257095,2
2.72728867761401,5.107233959729396,2
0.42040673829297975,-3.462779911650457,1
0.7566117925451922,-0.684828919323445,1
-0.013016115117545602,-0.25732234484312133,1
-3.355367221814296,2.1535914725888157,0
1.7293385237732277,-1.5559197396603497,1
-3.7676582660860216,0.4416604386554088,0
1.6666462435149776,2.019149990475311,2
0.5575891261099974,-2.6366453991258907,1
1.3267645364324845,-2.7306358635685406,1
7.704612743664794,-4.415640926711121,1
-0.3584768041135361,-1.0388296303256335,1
-1.44570959759061,-2.6783875103318078,1
-3.384694150526425,3.1392096571069024,0
2.439066712028453,0.9310904644405338,2
1.936647726117771,0.4170476218181564,2
1.9710732997093348,1.2524655719582651,2
0.42025843672297153,1.150469490233068,2
-0.6632772211942681,-1.3870659184201692,1
-1.6551118168951988,1.909967984631483,0
3.190632873746112,0.6613092314646875,2
-0.8720272069833401,0.1680340165993333,0
-0.2667970997187558,0.4830380151900297,0
-2.0853878949493123,-0.6082698616818044,0
-0.09373174572394508,-0.3279717431641068,0
1.739822963959382,0.39374603222870264,2
0.9216758242213483,-2.366470514056138,1
-2.445864355967604,1.0387364446943956,0
1.9604207918329557,-2.248089084395274,1
3.3355868579172303,0.16670410079564407,2
-2.665094974372543,-1.4017930011510598,0
1.8546631252979975,0.0009460813816674424,2
-0.21180910956306545,-1.7794691814105748,1
-0.3365858960177198,-1.2008163681851252,1
0.9942882300239446,3.6800826167402705,2
4.435937198580276,0.8555829532919572,2
1.0394000695072008,1.1007737258679438,2
1.6064305217198886,2.115868572142065,2
5.000332113306807,-0.6897492210961521,1
3.1952067251823473,0.6460537046133054,2
0.17881309485257513,4.335292781261459,2
-0.1369707447021886,-0.6522961919873442,1
-0.17098765376244834,-1.4135524698005102,1
1.3156890123375726,-0.6493245931042039,1
3.868909393491156,0.3280285134401022,2
2.217615930379232,-2.712785644307035,1
1.0438814634924356,2.1023005058837656,2
7.317735198454268,4.535341974547264,2
-1.9804759028396146,0.43048270375467057,0
-1.4638430885118843,-1.1417240835517513,0
2.0681320593108294,4.6952286971000134,2
0.06865189699970396,-1.8538396762462643,1
2.086289849931797,-1.4840492641168528,1
4.609488205961695,-2.794687426437896,1
-0.7668768011601131,-4.210985291545645,1
3.5368855557198575,-3.781589183002074,1
2.54939801589937,-5.472956432401879,1
0.9821403919143279,4.139221610559456,2
1.3128829623894347,-3.0157559399448655,1
0.22970738519903125,-2.3430186695705415,1
-0.06989580713455838,1.3453748961371834,0
-2.4715774091497154,-0.63797029655486,0
2.8626036389572507,-0.3791280232283192,2
0.2602177781489964,-3.1256732055412404,1
-0.23430585745613797,-1.3723286055695814,1
-4.11063358473567,-1.0164490085225406,0
-3.2974511114380816,3.725873810654607,0
-1.2304648366207034,-3.5907170698330493,1
-0.2972240527546096,0.6865233617272337,0
3.53362311919331,-2.210981719686139,1
0.2695941925958232,3.0149350235227796,2
0.4607130232994506,-3.166299126566266,1
5.49123737155489,-1.0285095407174687,2
1.2153218420157068,2.9148881096239205,2
0.3790842456672343,-0.25920602022123396,1
5.5913936775309185,0.5428234058231929,2
1.4946753994362394,-2.846776933601414,1
-2.0147666919477314,-0.40441742890005694,0
-1.3724560362230636,2.566329952422581,0
